FIRSTNAME,LASTNAME,EMAIL,PNO,PW
Mohith,P,mohith@gmail.com,981873751,mohith
Mark,k,mark@gmail.com,981873751,mark
karthi,P,karthi@gmail.com,981873751,karthi
Annamalai,M,malai@gmail.com,9772896758,malai
Aathi,S,aathi@gmail.com,8728465621,aathi
charan,M,mohith@gmail.com,981873751,charan
venky,V,venky@gmail.com,981873751,venky
ashwin,K,ash@gmail.com,981873751,ash
raja,P,raja@gmail.com,981873751,raja
sundar,s,sundar@gmail.com,981873751,sundar
